Id,Language,"I confirm that I have read the information above and consent to participate
","Does your role involve procurement, logistics, or supply chain operations decisions?
",In which region is your organization primarily based?,What's your organizational size?,"What is your current job level?
",My organization uses AI-based tools in supply chain operations.,AI tools have improved the speed of decision-making in our supply chain operations., AI-generated insights are helpful  for day-to-day operational planning.,Employees in my organization are confident using AI-based supply chain tools.Statement 1,My organization can quickly adjust production or distribution plans in response to disruptions.Statement 1,"We can rapidly reconfigure our supply network when a supplier fails
.Statement 1",My organization has real-time visibility into inventory levels across the supply chain.Statement 1,We can adjust order volumes at short notice.Statement 1,"We hold buffer inventory to absorb unexpected demand or supply shocks
.Statement 1","AI tools in my organization are designed to support, not replace, human decision-makers.",Employees are involved in decisions about how AI tools are implemented.,AI adoption in our supply chain has helped reduce waste or resource use.,"Sustainability considerations are factored into our AI-driven supply chain decisions
.","AI tools are used proactively to anticipate disruptions before they occur
."
302,English (United States)‎,"Yes , I consent",Yes,Asia,Medium,Middle Management,2,3,2,3,2,4,3,4,3,2,2,2,3,4
482,English (United States)‎,"Yes , I consent",Yes,America,Medium,Junior,2,3,2,3,2,4,2,4,3,2,2,2,3,4
154,English (United States)‎,"Yes , I consent",Yes,Asia,Medium,Junior,2,3,2,3,2,5,2,4,3,2,2,2,3,2
455,English (United States)‎,"Yes , I consent",Yes,America,Medium,Junior,2,3,2,3,2,4,2,4,3,2,2,2,3,2
240,English (United States)‎,"Yes , I consent",Yes,Asia,Medium,Middle Management,2,3,2,3,2,4,3,4,3,2,2,2,3,4
172,English (United States)‎,"Yes , I consent",Yes,Asia,Medium,Junior,2,3,2,3,2,5,2,4,3,2,2,2,3,4
275,English (United States)‎,"Yes , I consent",Yes,Asia,Medium,Junior,2,3,2,3,2,4,3,4,3,2,2,2,3,4
308,English (United States)‎,"Yes , I consent",Yes,Asia,Medium,Senior,2,3,2,3,2,1,2,4,3,2,2,2,3,4
177,English (United States)‎,"Yes , I consent",Yes,UK/Europe,Large,Senior,2,3,2,3,2,5,2,4,3,2,2,2,3,4
424,English (United States)‎,"Yes , I consent",Yes,America,Medium,Junior,2,3,2,3,2,4,2,4,3,2,2,2,3,4
207,English (United States)‎,"Yes , I consent",Yes,Asia,Large,Senior,2,3,2,4,2,4,3,4,3,2,2,2,3,4
153,English (United States)‎,"Yes , I consent",Yes,Asia,Medium,Middle Management,2,3,2,3,2,4,3,4,3,2,2,2,3,4
343,English (United States)‎,"Yes , I consent",Yes,UK/Europe,Medium,Junior,2,2,2,2,2,4,2,4,2,2,2,2,2,4
454,English (United States)‎,"Yes , I consent",Yes,UK/Europe,Medium,Junior,2,3,2,3,2,4,2,4,3,2,2,2,3,4
106,English (United States)‎,"Yes , I consent",Yes,Asia,Medium,Middle Management,2,3,2,3,2,5,2,4,3,2,2,2,3,2
466,English (United States)‎,"Yes , I consent",Yes,UK/Europe,Medium,Junior,2,3,2,3,2,4,2,4,3,2,2,2,3,4
13,English (United States)‎,"Yes , I consent",Yes,Asia,Small,Middle Management,2,2,1,2,2,2,1,2,2,2,2,2,2,2
169,English (United States)‎,"Yes , I consent",Yes,Asia,Large,Junior,2,3,2,4,2,1,2,4,3,2,2,2,3,4
518,English (United States)‎,"Yes , I consent",Yes,UK/Europe,Large,Senior,2,1,1,2,1,2,1,2,2,1,1,1,1,2
33,English (United States)‎,"Yes , I consent",Yes,America,Medium,Junior,2,3,2,2,2,4,3,4,3,2,2,2,3,4
105,English (United States)‎,"Yes , I consent",Yes,Asia,Medium,Junior,2,3,2,3,2,1,2,4,3,3,2,2,3,4
325,English (United States)‎,"Yes , I consent",Yes,UK/Europe,Medium,Middle Management,2,3,2,3,2,4,2,4,3,2,2,2,3,4
374,English (United States)‎,"Yes , I consent",Yes,UK/Europe,Medium,Junior,2,3,2,3,2,4,2,4,3,2,2,2,3,4
533,English (United States)‎,"Yes , I consent",Yes,UK/Europe,Small,Senior,1,1,1,1,2,2,1,2,1,2,1,2,1,2
527,English (United States)‎,"Yes , I consent",Yes,UK/Europe,Large,Senior,2,1,2,2,2,1,2,1,2,2,1,2,1,1
347,English (United States)‎,"Yes , I consent",Yes,America,Medium,Junior,2,2,2,2,2,4,2,4,2,2,2,2,2,4
149,English (United States)‎,"Yes , I consent",Yes,UK/Europe,Medium,Middle Management,2,3,2,3,2,5,2,4,3,2,2,2,3,4
121,English (United States)‎,"Yes , I consent",Yes,Asia,Medium,Senior,2,3,2,3,2,5,2,4,3,2,2,2,3,4
184,English (United States)‎,"Yes , I consent",Yes,Asia,Medium,Junior,2,3,2,2,2,5,2,4,3,2,2,2,3,4
537,English (United States)‎,"Yes , I consent",Yes,UK/Europe,Large,Senior,1,2,1,1,1,2,2,1,1,1,2,1,2,2
264,English (United States)‎,"Yes , I consent",Yes,Asia,Medium,Senior,2,3,2,3,2,5,2,4,3,2,2,2,3,4
417,English (United States)‎,"Yes , I consent",Yes,UK/Europe,Medium,Junior,2,3,2,3,2,4,2,4,3,2,2,2,3,4
253,English (United States)‎,"Yes , I consent",Yes,Asia,Medium,Senior,2,3,2,3,2,4,3,4,3,2,2,2,3,2
509,English (United States)‎,"Yes , I consent",Yes,America,Medium,Freshman,2,3,2,3,2,4,2,4,3,2,2,2,3,4
376,English (United States)‎,"Yes , I consent",Yes,America,Medium,Junior,2,3,2,3,2,4,2,4,3,2,2,2,3,4
51,English (United States)‎,"Yes , I consent",Yes,Asia,Large,Junior,2,3,2,3,2,4,3,4,3,2,2,2,3,4
181,English (United States)‎,"Yes , I consent",Yes,America,Medium,Junior,2,3,2,2,2,5,2,4,3,2,2,2,3,4
265,English (United States)‎,"Yes , I consent",Yes,Asia,Medium,Senior,2,3,2,3,2,5,2,4,3,2,2,2,3,4
35,English (United States)‎,"Yes , I consent",Yes,Asia,Medium,Senior,2,3,2,2,2,4,3,4,3,2,2,2,3,4
329,English (United States)‎,"Yes , I consent",Yes,Asia,Medium,Middle Management,2,3,2,3,2,4,3,4,3,2,2,2,3,4
91,English (United States)‎,"Yes , I consent",Yes,Asia,Small,Middle Management,2,3,2,3,2,5,2,4,3,2,2,2,3,4
379,English (United States)‎,"Yes , I consent",Yes,America,Medium,Junior,2,3,2,3,2,4,3,4,3,2,2,2,3,4
357,English (United States)‎,"Yes , I consent",Yes,UK/Europe,Medium,Junior,1,1,1,1,1,1,1,4,1,1,1,1,1,1
459,English (United States)‎,"Yes , I consent",Yes,America,Medium,Junior,2,3,2,3,2,4,2,4,3,2,2,2,3,4
542,English (United States)‎,"Yes , I consent",Yes,UK/Europe,Large,Senior,1,2,1,1,1,2,1,2,1,2,1,1,2,1
188,English (United States)‎,"Yes , I consent",Yes,Asia,Medium,Middle Management,2,3,2,3,2,5,2,4,3,2,2,2,3,1
101,English (United States)‎,"Yes , I consent",Yes,Asia,Medium,Middle Management,2,3,2,3,2,4,3,4,3,2,2,2,3,1
70,English (United States)‎,"Yes , I consent",Yes,Asia,Medium,Junior,2,3,2,3,2,4,3,2,3,2,2,2,3,1
187,English (United States)‎,"Yes , I consent",Yes,Asia,Medium,Middle Management,2,3,2,3,2,5,2,4,3,2,2,2,3,4
490,English (United States)‎,"Yes , I consent",Yes,UK/Europe,Medium,Freshman,2,3,2,3,2,4,2,4,3,2,2,2,3,4
63,English (United States)‎,"Yes , I consent",Yes,Asia,Medium,Senior,2,3,2,3,2,5,2,4,3,2,2,2,3,4
150,English (United States)‎,"Yes , I consent",Yes,America,Medium,Junior,2,3,2,3,2,5,2,4,3,2,2,2,3,4
125,English (United States)‎,"Yes , I consent",Yes,Asia,Medium,Junior,2,3,2,3,2,4,3,4,3,2,2,2,3,4
59,English (United States)‎,"Yes , I consent",Yes,Asia,Medium,Middle Management,2,3,2,3,2,4,3,4,3,2,2,2,3,4
145,English (United States)‎,"Yes , I consent",Yes,Asia,Medium,Middle Management,2,3,2,3,2,4,3,4,3,2,2,2,3,4
199,English (United States)‎,"Yes , I consent",Yes,Asia,Large,Senior,2,3,2,3,2,5,2,4,3,2,2,2,3,4
113,English (United States)‎,"Yes , I consent",Yes,Asia,Medium,Junior,2,3,2,3,2,5,2,4,3,2,2,2,3,4
92,English (United States)‎,"Yes , I consent",Yes,America,Medium,Junior,2,3,2,3,2,4,3,4,3,1,2,2,3,4
294,English (United States)‎,"Yes , I consent",Yes,Asia,Medium,Senior,2,3,2,3,2,4,3,4,3,2,2,2,3,4
126,English (United States)‎,"Yes , I consent",Yes,Asia,Medium,Junior,2,3,2,1,2,4,3,4,3,2,2,2,3,4
147,English (United States)‎,"Yes , I consent",Yes,Asia,Medium,Junior,2,3,2,3,2,5,2,4,3,2,2,2,3,4
274,English (United States)‎,"Yes , I consent",Yes,Asia,Medium,Junior,2,3,2,3,2,4,3,4,3,2,2,2,3,4
543,English (United States)‎,"Yes , I consent",Yes,UK/Europe,Large,Senior,1,2,1,1,1,2,1,2,1,1,2,1,2,1
279,English (United States)‎,"Yes , I consent",Yes,Asia,Medium,Junior,2,3,2,3,2,4,3,4,3,2,2,2,3,4
476,English (United States)‎,"Yes , I consent",Yes,America,Medium,Junior,2,3,2,3,2,4,2,4,3,2,2,2,3,4
227,English (United States)‎,"Yes , I consent",Yes,Asia,Medium,Middle Management,2,3,2,3,2,4,3,4,3,2,2,2,3,4
286,English (United States)‎,"Yes , I consent",Yes,Asia,Medium,Senior,2,3,2,3,2,4,3,2,3,2,2,2,3,4
486,English (United States)‎,"Yes , I consent",Yes,UK/Europe,Medium,Senior,2,3,2,3,2,4,2,4,3,2,2,2,3,4
189,English (United States)‎,"Yes , I consent",Yes,Asia,Medium,Middle Management,2,3,2,3,2,5,2,4,3,2,2,2,3,4
152,English (United States)‎,"Yes , I consent",Yes,Asia,Medium,Middle Management,2,3,2,3,2,5,2,4,3,2,2,2,3,4
280,English (United States)‎,"Yes , I consent",Yes,Asia,Medium,Junior,2,3,2,3,2,4,3,4,3,2,2,2,3,4
209,English (United States)‎,"Yes , I consent",Yes,Asia,Large,Junior,2,3,2,3,2,4,3,4,3,2,2,2,3,4
130,English (United States)‎,"Yes , I consent",Yes,Asia,Medium,Middle Management,2,3,2,1,2,4,3,4,3,2,2,2,3,4
222,English (United States)‎,"Yes , I consent",Yes,Asia,Medium,Senior,2,3,2,3,2,4,3,4,3,2,2,2,3,4
506,English (United States)‎,"Yes , I consent",Yes,UK/Europe,Medium,Senior,2,3,2,3,2,4,2,4,3,2,2,2,3,4
433,English (United States)‎,"Yes , I consent",Yes,America,Medium,Junior,2,3,2,3,2,4,2,4,3,2,2,2,3,4
112,English (United States)‎,"Yes , I consent",Yes,Asia,Large,Junior,2,3,2,3,2,5,2,4,3,2,2,2,3,4
507,English (United States)‎,"Yes , I consent",Yes,America,Medium,Senior,2,3,2,3,2,4,2,4,3,2,2,2,3,4
85,English (United States)‎,"Yes , I consent",Yes,Asia,Medium,Junior,2,3,2,3,2,5,2,4,3,2,2,2,3,4
412,English (United States)‎,"Yes , I consent",Yes,UK/Europe,Medium,Freshman,2,3,2,3,2,4,2,4,3,2,2,2,3,4
539,English (United States)‎,"Yes , I consent",Yes,UK/Europe,Large,Senior,2,2,2,2,1,1,1,2,2,2,2,2,2,2
178,English (United States)‎,"Yes , I consent",Yes,Asia,Medium,Middle Management,2,3,2,2,5,4,3,2,2,2,2,2,3,4
430,English (United States)‎,"Yes , I consent",Yes,UK/Europe,Medium,Junior,2,3,2,3,2,4,2,4,3,2,2,2,3,4
226,English (United States)‎,"Yes , I consent",Yes,Asia,Medium,Senior,2,3,2,3,2,5,2,4,3,2,2,2,3,4
464,English (United States)‎,"Yes , I consent",Yes,UK/Europe,Medium,Junior,2,3,2,3,2,4,2,4,3,2,2,2,3,4
521,English (United States)‎,"Yes , I consent",Yes,UK/Europe,Large,Senior,2,1,2,1,1,2,1,2,1,2,1,1,1,2
449,English (United States)‎,"Yes , I consent",Yes,America,Medium,Junior,2,3,2,3,2,4,2,4,3,2,2,2,3,4
386,English (United States)‎,"Yes , I consent",Yes,America,Medium,Junior,2,3,2,3,2,4,2,4,3,2,2,2,3,4
498,English (United States)‎,"Yes , I consent",Yes,UK/Europe,Medium,Junior,2,3,2,3,2,4,2,4,3,2,2,2,3,4
310,English (United States)‎,"Yes , I consent",Yes,Asia,Medium,Senior,2,3,2,3,2,5,2,4,3,2,2,2,3,4
390,English (United States)‎,"Yes , I consent",Yes,UK/Europe,Medium,Senior,2,3,2,3,2,4,2,4,3,2,2,2,3,4
312,English (United States)‎,"Yes , I consent",Yes,Asia,Medium,Senior,2,3,2,3,2,4,3,4,3,2,2,2,3,4
194,English (United States)‎,"Yes , I consent",Yes,Asia,Large,Senior,2,3,2,1,2,4,3,4,3,2,2,2,3,4
372,English (United States)‎,"Yes , I consent",Yes,UK/Europe,Medium,Junior,2,3,2,3,2,4,2,4,3,2,2,2,3,4
442,English (United States)‎,"Yes , I consent",Yes,UK/Europe,Medium,Junior,2,3,2,3,2,4,2,4,3,2,2,2,3,4
443,English (United States)‎,"Yes , I consent",Yes,UK/Europe,Medium,Junior,2,3,2,3,2,4,2,4,3,2,2,2,3,4
439,English (United States)‎,"Yes , I consent",Yes,America,Medium,Junior,2,3,2,3,2,4,2,4,3,2,2,2,3,4
388,English (United States)‎,"Yes , I consent",Yes,America,Medium,Junior,2,3,2,3,2,4,2,4,3,2,2,2,3,4
206,English (United States)‎,"Yes , I consent",Yes,Asia,Large,Senior,2,3,2,3,2,4,3,4,3,2,2,2,3,4
104,English (United States)‎,"Yes , I consent",Yes,Asia,Small,Middle Management,2,3,2,3,2,5,2,4,3,2,2,2,3,4
327,English (United States)‎,"Yes , I consent",Yes,UK/Europe,Medium,Senior,2,3,2,3,2,4,2,4,3,2,2,2,3,4
201,English (United States)‎,"Yes , I consent",Yes,Asia,Large,Junior,2,3,2,3,2,5,2,4,3,2,2,2,3,4
211,English (United States)‎,"Yes , I consent",Yes,Asia,Large,Senior,2,3,2,3,2,4,3,4,3,2,2,2,3,4
323,English (United States)‎,"Yes , I consent",Yes,UK/Europe,Medium,Senior,2,2,2,2,3,2,2,2,2,2,2,2,2,2
47,English (United States)‎,"Yes , I consent",Yes,Asia,Large,Junior,2,3,2,4,2,4,3,4,4,2,2,2,3,4
97,English (United States)‎,"Yes , I consent",Yes,UK/Europe,Medium,Middle Management,2,3,2,3,2,5,2,4,3,2,2,2,3,4
245,English (United States)‎,"Yes , I consent",Yes,Asia,Medium,Middle Management,2,3,2,3,2,4,3,4,3,2,2,2,3,4
290,English (United States)‎,"Yes , I consent",Yes,Asia,Medium,Senior,2,3,2,3,2,4,3,4,3,2,2,2,3,4
84,English (United States)‎,"Yes , I consent",Yes,Asia,Medium,Junior,2,3,2,3,2,4,3,4,3,2,2,2,3,4
271,English (United States)‎,"Yes , I consent",Yes,Asia,Medium,Junior,2,3,2,3,1,4,3,4,3,2,2,2,3,4
402,English (United States)‎,"Yes , I consent",Yes,UK/Europe,Medium,Junior,2,3,2,3,2,4,2,4,3,2,2,2,3,4
80,English (United States)‎,"Yes , I consent",Yes,Asia,Medium,Middle Management,2,3,2,3,2,4,3,4,3,2,2,2,3,4
546,English (United States)‎,"Yes , I consent",Yes,UK/Europe,Large,Senior,2,1,1,1,1,2,1,2,1,2,1,1,1,2
143,English (United States)‎,"Yes , I consent",Yes,Asia,Medium,Middle Management,2,3,2,3,2,4,3,4,3,2,2,2,3,4
34,English (United States)‎,"Yes , I consent",Yes,Asia,Small,Junior,2,3,2,2,2,4,3,4,3,2,2,2,3,4
360,English (United States)‎,"Yes , I consent",Yes,America,Medium,Junior,2,3,2,3,2,4,2,4,3,2,2,2,3,4
284,English (United States)‎,"Yes , I consent",Yes,Asia,Medium,Senior,2,3,2,3,2,4,3,4,3,2,2,2,3,4
470,English (United States)‎,"Yes , I consent",Yes,UK/Europe,Medium,Freshman,2,3,2,3,2,4,2,4,3,2,2,2,3,4
359,English (United States)‎,"Yes , I consent",Yes,America,Medium,Junior,2,3,2,3,2,4,3,4,3,2,2,2,3,4
544,English (United States)‎,"Yes , I consent",Yes,UK/Europe,Large,Senior,2,2,2,2,1,1,2,2,2,1,1,2,2,1
247,English (United States)‎,"Yes , I consent",Yes,Asia,Medium,Senior,2,3,2,3,2,5,2,4,3,2,2,2,3,4
214,English (United States)‎,"Yes , I consent",Yes,Asia,Medium,Middle Management,2,3,2,3,2,4,3,4,3,2,2,2,3,4
499,English (United States)‎,"Yes , I consent",Yes,UK/Europe,Medium,Middle Management,2,3,2,3,2,4,2,4,3,2,2,2,3,4
195,English (United States)‎,"Yes , I consent",Yes,Asia,Large,Senior,2,3,2,1,2,4,3,4,3,2,2,2,3,4
320,English (United States)‎,"Yes , I consent",Yes,Asia,Medium,Senior,2,3,2,3,2,4,3,4,3,2,2,2,3,4
99,English (United States)‎,"Yes , I consent",Yes,Asia,Medium,Junior,2,3,2,3,2,1,2,4,3,2,2,2,3,4
494,English (United States)‎,"Yes , I consent",Yes,UK/Europe,Medium,Junior,2,3,2,3,2,4,2,4,3,2,2,2,3,4
62,English (United States)‎,"Yes , I consent",Yes,Asia,Medium,Middle Management,2,3,2,3,2,4,3,4,3,2,2,2,3,4
114,English (United States)‎,"Yes , I consent",Yes,Asia,Large,Senior,2,3,2,3,2,5,2,4,3,2,2,2,3,4
427,English (United States)‎,"Yes , I consent",Yes,UK/Europe,Medium,Junior,2,3,2,3,2,4,2,4,3,2,2,2,3,4
278,English (United States)‎,"Yes , I consent",Yes,Asia,Medium,Middle Management,2,3,2,3,2,4,3,4,3,2,2,2,3,4
304,English (United States)‎,"Yes , I consent",Yes,Asia,Medium,Junior,2,3,2,3,2,4,3,4,3,2,2,2,3,4
14,English (United States)‎,"Yes , I consent",Yes,Asia,Medium,Senior,3,3,1,2,3,4,3,3,2,2,3,2,3,3
481,English (United States)‎,"Yes , I consent",Yes,Asia,Medium,Junior,2,3,2,3,2,4,2,4,3,2,2,2,3,4
217,English (United States)‎,"Yes , I consent",Yes,Asia,Medium,Senior,2,3,2,3,2,4,3,4,3,2,2,2,3,4
345,English (United States)‎,"Yes , I consent",Yes,UK/Europe,Medium,Junior,2,3,2,3,2,4,2,4,3,2,2,2,3,4
258,English (United States)‎,"Yes , I consent",Yes,Asia,Medium,Senior,2,3,2,3,2,4,3,4,3,2,2,2,3,2
315,English (United States)‎,"Yes , I consent",Yes,Asia,Medium,Senior,2,3,2,3,2,4,3,4,3,2,2,2,3,4
493,English (United States)‎,"Yes , I consent",Yes,UK/Europe,Medium,Freshman,2,3,2,3,2,4,2,4,3,2,2,2,3,4
242,English (United States)‎,"Yes , I consent",Yes,Asia,Medium,Senior,2,3,2,3,2,5,2,4,3,2,2,2,3,4
313,English (United States)‎,"Yes , I consent",Yes,Asia,Medium,Senior,2,3,2,2,2,4,3,3,2,2,2,2,3,4
36,English (United States)‎,"Yes , I consent",Yes,Asia,Medium,Junior,2,3,2,2,2,4,3,4,3,2,2,2,3,4
321,English (United States)‎,"Yes , I consent",Yes,Asia,Medium,Senior,2,3,2,3,2,1,2,4,3,2,2,2,3,4
404,English (United States)‎,"Yes , I consent",Yes,UK/Europe,Medium,Junior,2,3,2,3,2,4,2,4,3,2,2,2,3,4
159,English (United States)‎,"Yes , I consent",Yes,Asia,Medium,Junior,2,3,2,3,2,5,2,4,3,2,2,2,3,4
76,English (United States)‎,"Yes , I consent",Yes,Asia,Medium,Junior,2,3,2,4,2,4,3,4,3,2,2,2,3,4
291,English (United States)‎,"Yes , I consent",Yes,Asia,Medium,Senior,2,3,2,3,2,4,3,4,3,2,2,2,3,4
362,English (United States)‎,"Yes , I consent",Yes,UK/Europe,Medium,Junior,2,3,2,3,2,4,2,4,3,2,2,2,3,4
74,English (United States)‎,"Yes , I consent",Yes,Asia,Medium,Junior,2,3,2,4,2,5,2,4,3,2,2,2,3,4
522,English (United States)‎,"Yes , I consent",Yes,UK/Europe,Large,Senior,2,1,2,1,2,2,2,2,1,2,2,2,1,2
502,English (United States)‎,"Yes , I consent",Yes,UK/Europe,Medium,Junior,2,3,2,3,2,4,2,4,3,2,2,2,3,4
24,English (United States)‎,"Yes , I consent",Yes,UK/Europe,Medium,Senior,1,3,2,3,2,4,3,4,3,2,2,2,3,4
538,English (United States)‎,"Yes , I consent",Yes,Other,Large,Senior,2,2,1,2,2,2,2,2,2,1,2,2,2,2
277,English (United States)‎,"Yes , I consent",Yes,Asia,Medium,Junior,2,3,2,3,2,4,3,4,3,2,2,2,3,4
54,English (United States)‎,"Yes , I consent",Yes,Asia,Large,Middle Management,2,3,2,4,2,4,3,4,3,2,2,2,3,4
204,English (United States)‎,"Yes , I consent",Yes,Asia,Large,Senior,2,3,2,4,2,5,2,4,3,2,2,2,3,4
135,English (United States)‎,"Yes , I consent",Yes,Asia,Medium,Junior,2,2,2,3,2,5,2,4,3,4,2,2,2,3
330,English (United States)‎,"Yes , I consent",Yes,UK/Europe,Medium,Middle Management,2,3,2,3,2,4,2,4,3,2,2,2,3,4
244,English (United States)‎,"Yes , I consent",Yes,Asia,Medium,Senior,2,3,2,3,2,4,3,4,3,2,2,2,3,4
305,English (United States)‎,"Yes , I consent",Yes,Asia,Medium,Junior,2,3,2,3,2,5,2,4,3,2,2,2,3,4
406,English (United States)‎,"Yes , I consent",Yes,UK/Europe,Medium,Freshman,2,3,2,3,2,4,3,4,3,2,2,2,3,4
324,English (United States)‎,"Yes , I consent",Yes,UK/Europe,Medium,Middle Management,2,3,2,2,4,2,4,3,2,2,2,2,3,4
431,English (United States)‎,"Yes , I consent",Yes,America,Medium,Junior,2,3,2,3,2,4,2,4,3,2,2,2,3,2
510,English (United States)‎,"Yes , I consent",Yes,UK/Europe,Medium,Junior,2,3,2,3,2,4,3,4,3,2,2,2,3,4
197,English (United States)‎,"Yes , I consent",Yes,Asia,Large,Junior,2,3,2,1,2,5,2,4,3,2,2,2,3,4
134,English (United States)‎,"Yes , I consent",Yes,Asia,Medium,Middle Management,2,3,2,3,2,4,3,4,3,2,2,2,3,4
445,English (United States)‎,"Yes , I consent",Yes,UK/Europe,Medium,Middle Management,2,3,2,3,2,4,2,4,3,2,2,2,3,4
504,English (United States)‎,"Yes , I consent",Yes,UK/Europe,Medium,Junior,2,3,2,3,2,4,2,4,3,2,2,2,3,4
133,English (United States)‎,"Yes , I consent",Yes,Asia,Medium,Middle Management,2,3,2,3,2,4,3,4,3,2,2,2,3,4
501,English (United States)‎,"Yes , I consent",Yes,UK/Europe,Medium,Junior,2,3,2,3,2,4,2,4,3,2,2,2,3,4
212,English (United States)‎,"Yes , I consent",Yes,Asia,Medium,Senior,2,3,2,3,2,4,3,4,3,2,2,2,3,4
344,English (United States)‎,"Yes , I consent",Yes,UK/Europe,Medium,Junior,2,3,2,3,2,4,2,4,3,2,2,2,3,4
384,English (United States)‎,"Yes , I consent",Yes,America,Medium,Junior,2,3,2,3,2,4,2,4,3,2,2,2,3,4
151,English (United States)‎,"Yes , I consent",Yes,Asia,Large,Middle Management,2,3,2,3,2,5,2,4,3,2,2,2,3,4
82,English (United States)‎,"Yes , I consent",Yes,UK/Europe,Medium,Junior,2,3,2,3,2,4,3,4,3,2,2,2,3,4
456,English (United States)‎,"Yes , I consent",Yes,UK/Europe,Medium,Freshman,2,3,2,3,2,4,2,4,3,2,2,2,3,4
268,English (United States)‎,"Yes , I consent",Yes,Asia,Medium,Senior,2,3,2,3,2,4,3,4,3,2,2,2,3,4
342,English (United States)‎,"Yes , I consent",Yes,UK/Europe,Medium,Junior,2,3,2,3,2,4,2,4,3,2,2,2,3,1
234,English (United States)‎,"Yes , I consent",Yes,Asia,Medium,Senior,2,3,2,3,2,4,3,4,3,2,2,2,3,4
435,English (United States)‎,"Yes , I consent",Yes,UK/Europe,Medium,Junior,2,3,2,3,2,4,2,4,3,2,2,2,3,4
261,English (United States)‎,"Yes , I consent",Yes,Asia,Medium,Senior,2,3,2,3,2,4,3,4,3,2,2,2,3,4
428,English (United States)‎,"Yes , I consent",Yes,UK/Europe,Medium,Junior,2,3,2,3,2,4,2,4,3,2,2,2,3,4
318,English (United States)‎,"Yes , I consent",Yes,Asia,Medium,Senior,2,3,2,3,2,5,2,4,3,2,2,2,3,4
282,English (United States)‎,"Yes , I consent",Yes,Asia,Medium,Senior,2,3,2,3,2,4,3,4,3,2,2,2,3,4
139,English (United States)‎,"Yes , I consent",Yes,Asia,Medium,Middle Management,3,3,2,3,2,5,2,4,3,2,2,2,3,4
441,English (United States)‎,"Yes , I consent",Yes,UK/Europe,Medium,Junior,2,3,2,3,2,4,2,4,3,2,2,2,3,4
213,English (United States)‎,"Yes , I consent",Yes,Asia,Medium,Senior,2,3,2,4,2,4,3,2,4,2,2,2,3,4
160,English (United States)‎,"Yes , I consent",Yes,America,Large,Junior,2,3,2,4,2,5,2,4,3,2,2,2,3,4
23,English (United States)‎,"Yes , I consent",Yes,America,Medium,Senior,1,3,2,3,2,4,3,4,2,2,2,2,3,4
473,English (United States)‎,"Yes , I consent",Yes,UK/Europe,Medium,Junior,2,3,2,3,2,4,2,4,3,2,2,2,3,4
168,English (United States)‎,"Yes , I consent",Yes,Asia,Medium,Junior,2,3,2,3,2,5,2,4,3,2,2,2,3,4
426,English (United States)‎,"Yes , I consent",Yes,UK/Europe,Medium,Junior,2,3,2,3,2,4,2,4,3,2,2,2,3,4
526,English (United States)‎,"Yes , I consent",Yes,UK/Europe,Large,Senior,2,1,2,1,2,2,1,1,1,2,1,2,1,2
311,English (United States)‎,"Yes , I consent",Yes,Asia,Medium,Senior,2,3,2,3,2,5,2,4,3,2,2,2,3,4
53,English (United States)‎,"Yes , I consent",Yes,America,Medium,Senior,2,3,2,3,2,4,3,4,3,2,2,2,3,4
399,English (United States)‎,"Yes , I consent",Yes,UK/Europe,Medium,Junior,2,3,2,3,2,4,2,4,3,2,2,2,3,4
414,English (United States)‎,"Yes , I consent",Yes,UK/Europe,Medium,Freshman,2,3,2,3,2,4,2,4,3,2,2,2,3,4
255,English (United States)‎,"Yes , I consent",Yes,Asia,Medium,Senior,2,3,2,3,2,4,3,4,3,2,2,2,3,2
251,English (United States)‎,"Yes , I consent",Yes,Asia,Medium,Middle Management,2,3,2,3,2,5,2,4,3,2,2,2,3,4
448,English (United States)‎,"Yes , I consent",Yes,UK/Europe,Medium,Junior,2,3,2,3,2,4,2,4,3,2,2,2,3,4
239,English (United States)‎,"Yes , I consent",Yes,Asia,Medium,Senior,2,3,2,3,2,4,3,4,3,2,2,2,3,4
450,English (United States)‎,"Yes , I consent",Yes,UK/Europe,Medium,Junior,2,3,2,3,2,4,2,4,3,2,2,2,3,4
528,English (United States)‎,"Yes , I consent",Yes,UK/Europe,Large,Senior,2,1,1,2,1,2,1,1,2,2,1,2,1,2
19,English (United States)‎,"Yes , I consent",Yes,Asia,Medium,Senior,2,3,2,3,2,4,3,4,2,2,2,2,3,4
186,English (United States)‎,"Yes , I consent",Yes,Asia,Medium,Middle Management,2,3,2,2,2,5,2,4,3,2,2,2,3,4
96,English (United States)‎,"Yes , I consent",Yes,Asia,Small,Junior,2,3,2,3,2,5,2,4,3,2,2,2,3,4
469,English (United States)‎,"Yes , I consent",Yes,UK/Europe,Medium,Freshman,2,3,2,2,4,2,4,3,2,2,2,2,3,4
460,English (United States)‎,"Yes , I consent",Yes,UK/Europe,Medium,Junior,2,3,2,3,2,4,2,4,3,2,2,2,3,4
20,English (United States)‎,"Yes , I consent",Yes,Other,Medium,Middle Management,1,1,2,3,2,2,2,2,2,1,2,4,1,2
246,English (United States)‎,"Yes , I consent",Yes,Asia,Medium,Senior,2,3,2,3,2,4,3,4,3,2,2,2,3,4
289,English (United States)‎,"Yes , I consent",Yes,Asia,Medium,Senior,2,3,2,3,2,4,3,4,3,2,2,2,3,4
353,English (United States)‎,"Yes , I consent",Yes,UK/Europe,Medium,Junior,2,3,2,3,2,4,2,4,3,2,2,2,3,4
229,English (United States)‎,"Yes , I consent",Yes,Asia,Medium,Senior,2,3,2,3,2,4,3,4,3,2,2,2,3,4
471,English (United States)‎,"Yes , I consent",Yes,America,Medium,Freshman,2,3,2,3,2,4,2,4,3,2,2,2,3,4
218,English (United States)‎,"Yes , I consent",Yes,Asia,Medium,Senior,2,3,2,3,2,5,2,4,3,2,2,2,3,4
116,English (United States)‎,"Yes , I consent",Yes,Asia,Medium,Junior,2,3,2,3,2,5,2,4,3,2,2,2,3,4
230,English (United States)‎,"Yes , I consent",Yes,Asia,Medium,Senior,2,3,2,3,2,4,3,4,3,2,2,2,3,4
115,English (United States)‎,"Yes , I consent",Yes,Asia,Medium,Junior,2,3,2,3,2,5,2,4,3,2,2,2,3,4
196,English (United States)‎,"Yes , I consent",Yes,Asia,Large,Senior,2,3,2,1,2,5,2,4,3,2,2,2,3,4
123,English (United States)‎,"Yes , I consent",Yes,Asia,Medium,Junior,2,3,2,3,2,5,2,4,3,2,2,2,3,4
496,English (United States)‎,"Yes , I consent",Yes,UK/Europe,Medium,Junior,2,3,2,3,2,4,2,4,3,2,2,2,3,4
378,English (United States)‎,"Yes , I consent",Yes,UK/Europe,Medium,Junior,2,3,2,3,2,4,2,4,3,2,2,2,3,4
292,English (United States)‎,"Yes , I consent",Yes,Asia,Medium,Senior,2,3,2,3,2,4,3,4,3,2,2,2,3,4
161,English (United States)‎,"Yes , I consent",Yes,Asia,Medium,Senior,2,3,2,3,2,5,2,4,3,2,2,2,3,4
107,English (United States)‎,"Yes , I consent",Yes,Asia,Medium,Junior,2,3,2,3,2,5,2,4,3,2,2,2,3,4
355,English (United States)‎,"Yes , I consent",Yes,America,Medium,Junior,2,3,2,3,2,4,2,4,3,2,2,2,3,4
67,English (United States)‎,"Yes , I consent",Yes,Asia,Medium,Middle Management,2,3,2,3,2,4,3,4,3,2,2,2,3,4
333,English (United States)‎,"Yes , I consent",Yes,UK/Europe,Medium,Junior,2,3,2,3,2,4,2,4,3,2,2,4,3,4
55,English (United States)‎,"Yes , I consent",Yes,Asia,Medium,Middle Management,2,3,2,3,2,4,3,4,3,2,2,2,3,4
520,English (United States)‎,"Yes , I consent",Yes,UK/Europe,Large,Senior,2,2,2,2,2,1,2,1,2,1,1,1,2,1
468,English (United States)‎,"Yes , I consent",Yes,UK/Europe,Medium,Freshman,2,3,2,2,4,2,4,3,2,2,2,2,3,4
157,বাংলা (ভারত)‎,"Yes , I consent",Yes,Asia,Medium,Junior,2,3,2,3,2,1,2,4,3,2,2,2,3,4
28,English (United States)‎,"Yes , I consent",Yes,Asia,Large,Middle Management,1,3,2,2,2,4,3,4,3,2,2,2,3,4
368,English (United States)‎,"Yes , I consent",Yes,America,Medium,Junior,2,3,2,3,2,4,2,4,3,2,2,2,3,4
365,English (United States)‎,"Yes , I consent",Yes,America,Medium,Middle Management,2,3,2,3,2,4,2,4,3,2,2,2,3,4
29,English (United States)‎,"Yes , I consent",Yes,Asia,Medium,Junior,1,3,2,2,2,4,3,4,3,2,2,2,3,4
165,English (United States)‎,"Yes , I consent",Yes,America,Medium,Senior,2,3,2,4,2,5,2,4,3,2,2,2,3,4
283,English (United States)‎,"Yes , I consent",Yes,Asia,Medium,Senior,2,3,2,3,2,4,3,4,3,2,2,2,3,4
425,English (United States)‎,"Yes , I consent",Yes,UK/Europe,Medium,Junior,2,3,2,3,2,4,2,4,3,2,2,2,3,4
43,English (United States)‎,"Yes , I consent",Yes,Asia,Large,Middle Management,2,3,2,3,2,4,3,4,3,2,2,2,3,2
163,English (United States)‎,"Yes , I consent",Yes,Asia,Medium,Junior,2,3,2,3,2,5,2,4,3,2,2,2,3,4
179,English (United States)‎,"Yes , I consent",Yes,Asia,Medium,Middle Management,2,3,2,2,2,5,2,4,3,2,2,2,3,4
465,English (United States)‎,"Yes , I consent",Yes,UK/Europe,Medium,Junior,2,3,2,3,2,4,2,4,3,2,2,2,3,4
411,English (United States)‎,"Yes , I consent",Yes,America,Medium,Junior,2,3,2,3,2,4,2,4,3,2,2,2,3,4
241,English (United States)‎,"Yes , I consent",Yes,Asia,Medium,Senior,2,3,2,3,2,4,3,4,3,2,2,2,3,4
467,English (United States)‎,"Yes , I consent",Yes,UK/Europe,Medium,Freshman,2,3,2,3,2,4,2,4,3,2,2,2,3,4
127,English (United States)‎,"Yes , I consent",Yes,Asia,Medium,Junior,2,3,2,1,2,4,3,4,3,2,2,2,3,4
109,English (United States)‎,"Yes , I consent",Yes,Asia,Medium,Senior,2,3,2,3,2,5,3,4,3,2,2,2,3,4
52,English (United States)‎,"Yes , I consent",Yes,Asia,Medium,Junior,2,3,2,3,2,4,3,4,3,2,2,2,3,4
387,English (United States)‎,"Yes , I consent",Yes,UK/Europe,Small,Freshman,2,3,2,3,2,4,2,4,3,2,2,2,3,4
307,English (United States)‎,"Yes , I consent",Yes,Asia,Medium,Senior,2,3,2,3,2,4,3,4,3,2,2,2,3,4
210,English (United States)‎,"Yes , I consent",Yes,Asia,Large,Senior,2,3,2,3,2,4,3,4,3,2,2,2,3,4
397,English (United States)‎,"Yes , I consent",Yes,UK/Europe,Medium,Senior,2,3,2,3,2,4,2,4,3,2,2,2,3,4
332,English (United States)‎,"Yes , I consent",Yes,UK/Europe,Medium,Junior,2,3,2,3,2,4,2,4,3,2,2,3,3,4
335,English (United States)‎,"Yes , I consent",Yes,UK/Europe,Medium,Junior,2,3,2,3,2,4,2,4,3,2,2,2,3,4
131,English (United States)‎,"Yes , I consent",Yes,Asia,Medium,Middle Management,2,3,2,3,2,4,3,4,3,2,2,2,3,4
398,English (United States)‎,"Yes , I consent",Yes,UK/Europe,Medium,Freshman,2,3,2,3,2,4,2,4,3,2,2,2,3,4
21,English (United States)‎,"Yes , I consent",Yes,Asia,Medium,Senior,1,3,2,3,2,4,3,4,2,2,2,2,3,4
444,English (United States)‎,"Yes , I consent",Yes,UK/Europe,Medium,Middle Management,2,3,2,3,2,4,2,4,3,2,2,2,3,4
287,English (United States)‎,"Yes , I consent",Yes,Asia,Medium,Senior,2,3,2,3,2,4,3,4,3,2,2,2,3,4
419,English (United States)‎,"Yes , I consent",Yes,UK/Europe,Medium,Junior,2,3,2,3,2,4,2,4,3,2,2,2,3,4
142,English (United States)‎,"Yes , I consent",Yes,Asia,Medium,Middle Management,2,3,2,3,2,4,3,4,3,2,2,2,3,4
440,English (United States)‎,"Yes , I consent",Yes,UK/Europe,Medium,Middle Management,2,3,2,3,2,4,2,4,3,2,2,2,3,4
75,English (United States)‎,"Yes , I consent",Yes,Asia,Medium,Middle Management,2,3,2,4,2,5,2,4,3,2,2,2,3,4
31,English (United States)‎,"Yes , I consent",Yes,Asia,Medium,Junior,1,3,2,2,2,4,3,4,3,2,2,2,3,4
73,English (United States)‎,"Yes , I consent",Yes,Asia,Medium,Junior,3,3,2,3,2,5,2,4,3,2,2,2,3,4
110,English (United States)‎,"Yes , I consent",Yes,UK/Europe,Medium,Junior,2,3,2,3,2,4,3,4,3,2,2,2,3,4
83,English (United States)‎,"Yes , I consent",Yes,Asia,Medium,Junior,2,3,2,3,2,1,2,4,3,2,2,2,3,4
322,English (United States)‎,"Yes , I consent",Yes,Asia,Medium,Senior,2,3,2,3,2,5,2,4,3,2,2,2,3,4
193,English (United States)‎,"Yes , I consent",Yes,Asia,Large,Senior,1,3,1,1,1,1,1,1,1,1,2,1,3,2
519,English (United States)‎,"Yes , I consent",Yes,UK/Europe,Large,Senior,2,1,1,2,1,2,1,1,2,1,2,2,1,1
354,English (United States)‎,"Yes , I consent",Yes,Asia,Medium,Junior,2,3,2,3,2,4,2,4,3,2,2,2,3,4
535,English (United States)‎,"Yes , I consent",Yes,UK/Europe,Large,Senior,1,1,1,1,1,2,1,2,1,1,2,1,1,1
219,English (United States)‎,"Yes , I consent",Yes,Asia,Medium,Senior,2,3,2,3,2,5,2,4,3,2,2,2,3,4
249,English (United States)‎,"Yes , I consent",Yes,Asia,Medium,Senior,2,3,2,3,2,4,3,4,3,2,2,2,3,4
523,English (United States)‎,"Yes , I consent",Yes,UK/Europe,Large,Senior,1,1,1,2,1,2,1,1,2,1,2,1,1,1
328,English (United States)‎,"Yes , I consent",Yes,UK/Europe,Medium,Middle Management,2,3,2,3,2,4,2,4,3,2,2,2,3,4
256,English (United States)‎,"Yes , I consent",Yes,Asia,Medium,Senior,2,3,2,3,2,1,2,4,3,2,2,2,3,2
64,English (United States)‎,"Yes , I consent",Yes,Asia,Medium,Middle Management,2,3,2,3,2,4,3,4,3,2,2,2,3,4
50,English (United States)‎,"Yes , I consent",Yes,Asia,Medium,Junior,2,3,2,3,2,4,3,4,3,2,2,2,3,4
220,English (United States)‎,"Yes , I consent",Yes,Asia,Medium,Middle Management,2,3,2,3,2,4,3,4,3,2,2,2,3,4
285,English (United States)‎,"Yes , I consent",Yes,Asia,Medium,Senior,2,2,2,3,2,4,3,4,3,2,2,2,2,2
479,English (United States)‎,"Yes , I consent",Yes,UK/Europe,Medium,Middle Management,2,4,2,4,2,4,2,4,4,2,2,2,4,4
383,English (United States)‎,"Yes , I consent",Yes,America,Medium,Junior,2,3,2,3,2,4,2,4,3,2,2,2,3,4
111,English (United States)‎,"Yes , I consent",Yes,Asia,Medium,Junior,2,3,2,3,2,5,2,4,3,2,2,2,3,4
446,English (United States)‎,"Yes , I consent",Yes,UK/Europe,Medium,Junior,2,3,2,3,2,4,2,4,3,2,2,2,3,4
405,English (United States)‎,"Yes , I consent",Yes,UK/Europe,Medium,Freshman,2,3,2,3,2,4,2,4,3,2,2,2,3,4
339,English (United States)‎,"Yes , I consent",Yes,America,Medium,Junior,2,3,4,3,2,4,2,4,3,2,2,2,3,4
216,English (United States)‎,"Yes , I consent",Yes,Asia,Medium,Middle Management,2,3,2,3,2,4,3,4,3,2,2,2,3,4
166,English (United States)‎,"Yes , I consent",Yes,America,Medium,Junior,2,3,2,3,2,5,2,4,3,2,2,2,3,4
77,English (United States)‎,"Yes , I consent",Yes,Asia,Medium,Junior,2,3,2,4,2,4,3,4,3,2,2,2,3,4
548,English (United States)‎,"Yes , I consent",Yes,UK/Europe,Large,Senior,1,1,2,1,1,1,2,1,1,2,2,2,1,1
409,English (United States)‎,"Yes , I consent",Yes,UK/Europe,Medium,Junior,2,3,2,3,2,4,2,4,3,2,2,2,3,4
382,English (United States)‎,"Yes , I consent",Yes,UK/Europe,Medium,Junior,2,3,2,3,2,4,2,4,3,2,2,2,3,4
447,English (United States)‎,"Yes , I consent",Yes,UK/Europe,Medium,Junior,2,3,2,3,2,4,2,4,3,2,2,2,3,4
408,English (United States)‎,"Yes , I consent",Yes,Asia,Medium,Junior,2,3,2,3,2,4,2,4,3,2,2,2,3,4
453,English (United States)‎,"Yes , I consent",Yes,UK/Europe,Medium,Junior,2,3,2,3,2,4,2,4,3,2,2,2,3,4
350,English (United States)‎,"Yes , I consent",Yes,UK/Europe,Medium,Junior,2,3,2,3,2,4,2,4,3,2,2,2,3,4
224,English (United States)‎,"Yes , I consent",Yes,Asia,Medium,Senior,2,3,2,3,2,4,3,4,3,2,2,2,3,4
367,English (United States)‎,"Yes , I consent",Yes,America,Medium,Junior,2,3,2,3,2,4,2,4,3,2,2,2,3,4
309,English (United States)‎,"Yes , I consent",Yes,Asia,Medium,Senior,2,2,2,3,2,4,3,4,3,2,2,2,2,3
505,English (United States)‎,"Yes , I consent",Yes,America,Medium,Junior,2,3,2,3,4,4,2,4,3,2,2,2,3,4
429,English (United States)‎,"Yes , I consent",Yes,America,Medium,Freshman,2,3,2,3,2,4,2,4,3,2,2,2,3,4
221,English (United States)‎,"Yes , I consent",Yes,Asia,Medium,Senior,2,3,2,3,2,4,3,4,3,2,2,2,3,4
60,English (United States)‎,"Yes , I consent",Yes,Asia,Medium,Middle Management,2,3,2,3,2,4,3,4,3,2,2,2,3,4
45,English (United States)‎,"Yes , I consent",Yes,UK/Europe,Medium,Junior,2,3,2,3,2,5,2,4,3,2,2,2,3,4
420,English (United States)‎,"Yes , I consent",Yes,UK/Europe,Medium,Junior,2,3,2,3,2,4,2,4,3,2,2,2,3,4
100,English (United States)‎,"Yes , I consent",Yes,Asia,Medium,Junior,2,3,2,3,2,4,3,4,3,2,2,2,3,4
117,English (United States)‎,"Yes , I consent",Yes,Asia,Medium,Junior,2,3,2,3,2,5,2,4,3,2,2,2,3,4
416,English (United States)‎,"Yes , I consent",Yes,UK/Europe,Medium,Freshman,2,3,2,3,2,4,2,4,3,2,2,2,3,4
524,English (United States)‎,"Yes , I consent",Yes,UK/Europe,Large,Senior,2,1,1,2,2,2,1,1,2,2,1,2,1,1
474,English (United States)‎,"Yes , I consent",Yes,UK/Europe,Medium,Middle Management,2,3,2,3,2,4,2,4,3,2,2,2,3,4
198,English (United States)‎,"Yes , I consent",Yes,America,Large,Senior,2,3,2,3,2,5,2,4,3,2,2,2,3,4
349,English (United States)‎,"Yes , I consent",Yes,UK/Europe,Medium,Freshman,2,3,2,3,2,4,2,4,3,2,2,2,3,4
120,English (United States)‎,"Yes , I consent",Yes,Asia,Medium,Junior,2,3,2,3,2,4,3,4,3,2,2,2,3,4
37,English (United States)‎,"Yes , I consent",Yes,Asia,Medium,Junior,2,3,2,3,2,4,3,4,3,2,2,2,3,4
203,English (United States)‎,"Yes , I consent",Yes,Asia,Large,Senior,2,3,2,3,2,5,2,4,3,2,2,2,3,4
296,English (United States)‎,"Yes , I consent",Yes,Asia,Medium,Senior,2,3,2,3,2,4,3,4,3,2,2,2,3,4
484,English (United States)‎,"Yes , I consent",Yes,Asia,Medium,Junior,1,2,2,2,2,2,2,2,2,2,2,2,2,2
200,English (United States)‎,"Yes , I consent",Yes,Asia,Large,Senior,2,3,2,3,2,5,2,4,3,2,2,2,3,4
461,English (United States)‎,"Yes , I consent",Yes,America,Medium,Junior,2,3,2,3,2,4,2,4,3,2,2,2,3,4
534,English (United States)‎,"Yes , I consent",Yes,UK/Europe,Large,Senior,1,1,2,1,1,2,1,2,1,1,1,2,1,2
348,English (United States)‎,"Yes , I consent",Yes,America,Medium,Middle Management,2,3,2,3,2,4,2,4,3,2,2,2,3,4
394,English (United States)‎,"Yes , I consent",Yes,UK/Europe,Medium,Senior,2,3,2,3,2,4,2,4,3,2,2,2,3,4
380,English (United States)‎,"Yes , I consent",Yes,America,Medium,Middle Management,2,3,2,3,2,4,2,4,3,2,2,2,3,4
437,English (United States)‎,"Yes , I consent",Yes,UK/Europe,Medium,Middle Management,2,3,2,3,2,4,2,4,3,2,2,2,3,4
18,English (United States)‎,"Yes , I consent",Yes,Asia,Medium,Junior,2,3,2,3,2,4,3,4,2,2,2,2,3,4
93,English (United States)‎,"Yes , I consent",Yes,Asia,Large,Junior,2,3,2,3,2,4,3,4,3,2,2,2,3,4
395,English (United States)‎,"Yes , I consent",Yes,UK/Europe,Medium,Senior,2,3,2,3,2,4,2,4,3,2,2,2,3,4
243,English (United States)‎,"Yes , I consent",Yes,Asia,Medium,Senior,2,3,2,3,2,4,3,4,3,2,2,2,3,4
391,English (United States)‎,"Yes , I consent",Yes,UK/Europe,Medium,Senior,2,3,2,3,2,4,2,4,3,2,2,2,3,4
338,English (United States)‎,"Yes , I consent",Yes,America,Medium,Junior,2,3,2,3,2,4,2,4,3,2,2,2,3,4
293,English (United States)‎,"Yes , I consent",Yes,Asia,Medium,Senior,3,3,4,3,4,3,4,3,3,2,2,2,3,4
32,English (United States)‎,"Yes , I consent",Yes,Asia,Medium,Junior,2,3,2,2,2,4,3,4,3,2,2,2,3,4
366,English (United States)‎,"Yes , I consent",Yes,UK/Europe,Medium,Freshman,2,3,2,3,2,4,2,4,3,2,2,2,3,4
39,English (United States)‎,"Yes , I consent",Yes,Asia,Medium,Middle Management,2,3,2,3,2,1,2,4,3,2,2,2,3,4
144,English (United States)‎,"Yes , I consent",Yes,Asia,Medium,Middle Management,2,3,2,3,2,4,3,4,3,2,2,2,3,4
421,English (United States)‎,"Yes , I consent",Yes,UK/Europe,Medium,Junior,2,3,2,2,2,4,2,4,2,2,2,2,3,4
545,English (United States)‎,"Yes , I consent",Yes,UK/Europe,Large,Senior,1,1,1,2,1,2,1,1,2,2,1,2,1,2
422,English (United States)‎,"Yes , I consent",Yes,America,Medium,Junior,2,3,2,3,2,4,2,4,3,2,2,2,3,4
462,English (United States)‎,"Yes , I consent",Yes,America,Medium,Junior,2,3,2,3,2,4,2,4,3,2,2,2,3,4
375,English (United States)‎,"Yes , I consent",Yes,Asia,Medium,Junior,2,3,2,3,2,4,2,4,3,2,2,2,3,4
475,English (United States)‎,"Yes , I consent",Yes,UK/Europe,Medium,Middle Management,2,3,2,3,2,4,2,4,3,2,2,2,3,4
260,English (United States)‎,"Yes , I consent",Yes,Asia,Medium,Senior,2,3,2,3,2,5,2,4,3,2,2,2,3,2
95,English (United States)‎,"Yes , I consent",Yes,Asia,Medium,Junior,2,3,2,3,2,5,2,4,3,2,2,2,3,4
341,English (United States)‎,"Yes , I consent",Yes,America,Medium,Middle Management,2,3,2,3,2,4,2,4,3,2,2,2,3,1
87,English (United States)‎,"Yes , I consent",Yes,Asia,Medium,Middle Management,2,3,2,3,2,1,2,4,3,2,2,2,3,4
173,English (United States)‎,"Yes , I consent",Yes,Asia,Medium,Junior,2,3,2,3,2,5,2,4,3,2,2,2,3,4
254,English (United States)‎,"Yes , I consent",Yes,Asia,Medium,Senior,2,3,2,3,2,5,2,4,3,2,2,2,3,2
396,English (United States)‎,"Yes , I consent",Yes,Asia,Medium,Senior,2,3,2,3,2,4,2,4,3,2,2,2,3,4
401,English (United States)‎,"Yes , I consent",Yes,America,Medium,Junior,2,3,2,3,2,4,2,4,3,2,2,2,3,4
377,English (United States)‎,"Yes , I consent",Yes,UK/Europe,Medium,Junior,2,3,2,3,2,4,2,4,3,2,2,2,3,4
415,English (United States)‎,"Yes , I consent",Yes,UK/Europe,Medium,Junior,2,3,2,3,2,4,2,4,3,2,2,2,3,4
94,English (United States)‎,"Yes , I consent",Yes,Asia,Medium,Junior,2,3,2,3,2,5,2,4,3,2,2,2,3,4
155,English (United States)‎,"Yes , I consent",Yes,Asia,Medium,Junior,2,3,2,3,2,5,2,4,3,2,2,2,3,4
480,English (United States)‎,"Yes , I consent",Yes,UK/Europe,Medium,Middle Management,2,3,2,3,2,4,2,4,3,2,2,2,3,4
68,English (United States)‎,"Yes , I consent",Yes,America,Medium,Middle Management,2,3,2,3,2,4,3,4,3,2,2,2,3,4
371,English (United States)‎,"Yes , I consent",Yes,America,Medium,Junior,2,3,2,3,2,4,2,4,3,2,2,2,3,4
434,English (United States)‎,"Yes , I consent",Yes,UK/Europe,Medium,Junior,2,3,2,3,2,4,2,4,3,2,2,2,3,4
418,English (United States)‎,"Yes , I consent",Yes,UK/Europe,Medium,Junior,2,3,2,3,2,4,2,4,3,2,2,2,3,4
140,English (United States)‎,"Yes , I consent",Yes,Asia,Medium,Junior,2,3,2,2,4,3,4,3,2,2,2,2,3,4
252,English (United States)‎,"Yes , I consent",Yes,Asia,Medium,Senior,2,3,2,3,2,5,2,4,3,2,2,2,3,2
26,English (United States)‎,"Yes , I consent",Yes,Asia,Medium,Senior,1,3,2,2,1,2,2,2,2,2,2,2,3,4
185,English (United States)‎,"Yes , I consent",Yes,Asia,Large,Middle Management,2,3,2,2,2,5,2,4,3,2,2,2,3,4
167,English (United States)‎,"Yes , I consent",Yes,Asia,Medium,Junior,2,3,2,3,2,5,2,4,3,2,2,2,3,4
478,English (United States)‎,"Yes , I consent",Yes,UK/Europe,Medium,Junior,2,3,2,3,2,4,2,4,3,2,2,2,3,4
272,English (United States)‎,"Yes , I consent",Yes,Asia,Medium,Junior,2,3,2,3,2,4,3,4,3,2,2,2,3,4
363,English (United States)‎,"Yes , I consent",Yes,UK/Europe,Medium,Junior,2,3,2,3,2,4,2,4,3,2,2,2,3,4
485,English (United States)‎,"Yes , I consent",Yes,UK/Europe,Medium,Senior,2,3,2,3,2,4,2,4,3,2,2,2,3,4
269,English (United States)‎,"Yes , I consent",Yes,Asia,Medium,Senior,2,3,2,3,2,4,3,4,3,2,2,2,3,4
176,English (United States)‎,"Yes , I consent",Yes,Asia,Medium,Junior,2,3,2,3,2,1,2,4,3,2,2,2,3,4
171,English (United States)‎,"Yes , I consent",Yes,Asia,Medium,Junior,2,3,2,3,2,5,2,4,3,2,2,2,3,4
170,English (United States)‎,"Yes , I consent",Yes,Asia,Medium,Junior,2,4,2,3,2,1,2,4,3,2,2,2,4,4
503,English (United States)‎,"Yes , I consent",Yes,America,Medium,Senior,2,3,2,3,2,4,2,4,3,2,2,2,3,4
66,English (United States)‎,"Yes , I consent",Yes,Asia,Medium,Senior,2,3,2,3,2,5,2,4,3,2,2,2,3,4
525,English (United States)‎,"Yes , I consent",Yes,UK/Europe,Large,Senior,2,2,1,2,2,1,1,2,2,1,1,2,2,1
88,English (United States)‎,"Yes , I consent",Yes,Asia,Medium,Junior,2,3,2,3,2,5,2,4,3,2,2,2,3,4
49,English (United States)‎,"Yes , I consent",Yes,Asia,Medium,Junior,2,3,2,3,2,4,3,2,3,2,2,2,3,2
410,English (United States)‎,"Yes , I consent",Yes,America,Medium,Junior,2,3,2,3,2,4,2,4,3,2,2,2,3,4
263,English (United States)‎,"Yes , I consent",Yes,Asia,Medium,Senior,2,3,2,3,2,5,2,4,3,2,2,2,3,4
547,English (United States)‎,"Yes , I consent",Yes,UK/Europe,Large,Senior,2,2,2,2,1,1,1,2,2,1,1,1,2,2
358,English (United States)‎,"Yes , I consent",Yes,Asia,Medium,Junior,2,3,2,3,2,4,2,4,3,2,2,2,3,4
373,English (United States)‎,"Yes , I consent",Yes,UK/Europe,Medium,Freshman,2,3,2,3,2,4,2,4,3,2,2,2,3,4
381,English (United States)‎,"Yes , I consent",Yes,Asia,Medium,Junior,2,3,2,3,2,4,2,4,3,2,2,2,3,4
57,English (United States)‎,"Yes , I consent",Yes,Other,Large,Middle Management,2,3,2,3,2,1,2,4,3,2,2,2,3,4
531,English (United States)‎,"Yes , I consent",Yes,Other,Large,Senior,2,2,2,2,2,2,1,1,2,2,2,2,2,2
132,English (United States)‎,"Yes , I consent",Yes,Asia,Medium,Junior,2,2,2,3,2,1,2,4,3,2,2,2,2,3
407,English (United States)‎,"Yes , I consent",Yes,Asia,Large,Middle Management,2,1,2,2,2,2,2,4,2,2,3,2,1,1
102,English (United States)‎,"Yes , I consent",Yes,Asia,Medium,Senior,2,3,2,3,2,5,2,4,3,2,2,2,3,4
369,English (United States)‎,"Yes , I consent",Yes,America,Medium,Junior,2,3,2,3,2,4,2,4,3,2,2,2,3,4
42,English (United States)‎,"Yes , I consent",Yes,Asia,Medium,Junior,2,3,2,3,2,4,3,4,3,2,2,2,3,4
400,English (United States)‎,"Yes , I consent",Yes,UK/Europe,Medium,Junior,2,3,2,3,2,4,2,4,3,2,2,2,3,4
81,English (United States)‎,"Yes , I consent",Yes,Asia,Medium,Junior,2,3,2,3,2,4,3,4,3,2,2,2,3,4
385,English (United States)‎,"Yes , I consent",Yes,Asia,Medium,Junior,2,3,2,3,2,4,2,4,3,2,2,2,3,4
162,English (United States)‎,"Yes , I consent",Yes,Asia,Medium,Junior,2,3,2,3,2,5,2,4,3,2,2,2,3,4
225,English (United States)‎,"Yes , I consent",Yes,Asia,Medium,Senior,2,3,2,3,2,4,3,4,3,2,2,2,3,4
156,English (United States)‎,"Yes , I consent",Yes,Asia,Large,Senior,2,3,2,3,2,5,2,4,3,2,2,2,3,4
108,English (United States)‎,"Yes , I consent",Yes,Asia,Large,Middle Management,1,2,2,2,1,2,2,2,2,3,2,2,2,2
497,English (United States)‎,"Yes , I consent",Yes,UK/Europe,Medium,Junior,2,3,2,3,2,4,2,4,3,2,2,2,3,4
30,English (United States)‎,"Yes , I consent",Yes,Asia,Small,Senior,1,3,2,2,2,4,3,4,3,2,2,2,3,4
158,English (United States)‎,"Yes , I consent",Yes,Asia,Medium,Senior,2,3,2,3,2,5,2,4,3,2,2,2,3,4
202,English (United States)‎,"Yes , I consent",Yes,Asia,Large,Senior,2,3,2,3,2,5,2,4,3,2,2,2,3,4
423,English (United States)‎,"Yes , I consent",Yes,UK/Europe,Medium,Freshman,2,3,2,3,2,4,2,4,3,2,2,2,3,4
208,English (United States)‎,"Yes , I consent",Yes,Asia,Large,Senior,2,3,2,3,2,4,3,4,3,2,2,2,3,4
122,English (United States)‎,"Yes , I consent",Yes,Asia,Medium,Junior,2,3,2,3,2,5,2,4,3,2,2,2,3,4
56,English (United States)‎,"Yes , I consent",Yes,Asia,Medium,Senior,2,3,2,3,2,4,3,4,3,2,2,2,3,4
98,English (United States)‎,"Yes , I consent",Yes,Asia,Medium,Middle Management,2,3,2,3,2,4,3,4,3,2,2,2,3,4
65,English (United States)‎,"Yes , I consent",Yes,Asia,Medium,Middle Management,2,3,2,3,2,5,2,4,3,2,2,2,3,4
487,English (United States)‎,"Yes , I consent",Yes,UK/Europe,Medium,Junior,2,3,2,3,2,4,2,4,3,2,2,2,3,4
458,English (United States)‎,"Yes , I consent",Yes,America,Medium,Junior,2,3,2,3,2,4,2,4,3,2,2,2,3,4
495,English (United States)‎,"Yes , I consent",Yes,UK/Europe,Medium,Junior,2,3,2,3,2,4,2,4,3,2,2,2,3,4
89,English (United States)‎,"Yes , I consent",Yes,Asia,Medium,Junior,2,3,2,3,2,4,3,4,3,2,2,2,3,4
44,English (United States)‎,"Yes , I consent",Yes,Asia,Medium,Junior,2,3,2,3,2,4,3,4,3,2,2,2,3,4
146,English (United States)‎,"Yes , I consent",Yes,Asia,Medium,Middle Management,2,3,2,3,2,5,2,4,3,2,2,2,3,4
129,English (United States)‎,"Yes , I consent",Yes,Asia,Medium,Junior,2,3,2,1,2,1,2,4,3,2,2,2,3,4
40,English (United States)‎,"Yes , I consent",Yes,Asia,Medium,Junior,2,3,2,3,2,4,3,4,3,2,2,2,3,4
472,English (United States)‎,"Yes , I consent",Yes,UK/Europe,Medium,Junior,2,3,2,3,2,4,2,4,3,2,2,2,3,4
532,English (United States)‎,"Yes , I consent",Yes,UK/Europe,Large,Senior,2,1,1,1,2,2,2,1,1,2,2,1,1,1
463,English (United States)‎,"Yes , I consent",Yes,UK/Europe,Medium,Junior,2,3,2,3,2,4,2,4,3,2,2,2,3,4
58,English (United States)‎,"Yes , I consent",Yes,Asia,Medium,Junior,2,3,2,3,2,4,3,4,3,2,2,2,3,4
259,English (United States)‎,"Yes , I consent",Yes,Asia,Medium,Senior,2,3,2,3,2,5,2,4,3,2,2,2,3,2
90,English (United States)‎,"Yes , I consent",Yes,Asia,Medium,Junior,2,3,2,3,2,1,2,4,3,2,2,2,3,4
393,English (United States)‎,"Yes , I consent",Yes,UK/Europe,Medium,Senior,2,3,2,3,2,4,2,4,3,2,2,2,3,4
540,English (United States)‎,"Yes , I consent",Yes,UK/Europe,Large,Senior,2,2,2,2,1,1,1,2,2,2,2,2,2,2
138,English (United States)‎,"Yes , I consent",Yes,Asia,Medium,Middle Management,2,3,2,3,2,5,2,4,3,2,2,2,3,4
128,English (United States)‎,"Yes , I consent",Yes,Asia,Medium,Middle Management,2,3,2,1,2,5,2,4,3,2,2,2,3,4
513,English (United States)‎,"Yes , I consent",Yes,UK/Europe,Medium,Junior,2,3,2,3,2,4,2,4,3,2,2,2,3,4
69,English (United States)‎,"Yes , I consent",Yes,Asia,Medium,Middle Management,2,3,2,3,2,4,3,4,3,2,2,2,3,4
223,English (United States)‎,"Yes , I consent",Yes,Asia,Medium,Senior,2,3,2,3,2,4,3,4,3,2,2,2,3,4
530,English (United States)‎,"Yes , I consent",Yes,UK/Europe,Large,Senior,1,2,1,2,1,2,1,1,2,1,1,2,2,1
317,English (United States)‎,"Yes , I consent",Yes,Asia,Medium,Senior,2,3,2,3,2,4,3,4,3,2,2,2,3,4
174,English (United States)‎,"Yes , I consent",Yes,Asia,Medium,Junior,2,3,2,3,2,5,2,4,3,2,2,2,3,4
337,English (United States)‎,"Yes , I consent",Yes,America,Medium,Middle Management,2,3,2,3,2,4,2,4,3,2,2,2,3,4
137,English (United States)‎,"Yes , I consent",Yes,Asia,Medium,Middle Management,2,3,2,3,2,5,2,4,3,2,2,2,3,4
238,English (United States)‎,"Yes , I consent",Yes,Asia,Medium,Senior,2,3,2,3,2,1,2,4,3,2,2,2,3,4
183,English (United States)‎,"Yes , I consent",Yes,Asia,Medium,Middle Management,2,3,2,2,2,1,2,4,3,2,2,2,3,4
175,English (United States)‎,"Yes , I consent",Yes,Asia,Medium,Junior,2,3,2,3,2,5,2,4,3,2,2,2,3,4
180,English (United States)‎,"Yes , I consent",Yes,Asia,Medium,Middle Management,2,3,2,2,2,5,2,4,3,2,2,2,3,4
508,English (United States)‎,"Yes , I consent",Yes,America,Medium,Freshman,2,3,2,3,2,4,2,4,3,2,2,2,3,4
370,English (United States)‎,"Yes , I consent",Yes,America,Medium,Junior,2,3,2,3,2,4,2,4,3,2,2,2,3,4
483,English (United States)‎,"Yes , I consent",Yes,America,Medium,Freshman,2,3,2,3,2,4,2,4,3,2,2,2,3,4
541,English (United States)‎,"Yes , I consent",Yes,UK/Europe,Large,Senior,2,2,2,2,1,1,1,2,2,2,2,2,2,2
118,English (United States)‎,"Yes , I consent",Yes,America,Large,Junior,2,2,2,3,2,3,2,2,3,2,2,2,2,2
488,English (United States)‎,"Yes , I consent",Yes,UK/Europe,Medium,Junior,2,3,2,3,2,4,2,4,3,2,2,2,3,4
46,English (United States)‎,"Yes , I consent",Yes,Asia,Medium,Senior,2,3,2,3,2,4,3,4,3,2,2,2,3,4
38,English (United States)‎,"Yes , I consent",Yes,Asia,Large,Senior,2,3,2,3,2,4,3,4,3,2,2,2,3,4
248,English (United States)‎,"Yes , I consent",Yes,Asia,Medium,Senior,2,3,2,3,2,4,3,4,3,2,2,2,3,4
262,English (United States)‎,"Yes , I consent",Yes,Asia,Medium,Senior,2,3,2,3,2,5,2,4,3,2,2,2,3,4
78,English (United States)‎,"Yes , I consent",Yes,Asia,Medium,Senior,2,3,2,4,2,4,3,4,3,2,2,2,3,4
235,English (United States)‎,"Yes , I consent",Yes,Asia,Medium,Middle Management,2,3,2,3,2,4,3,4,3,2,2,2,3,4
334,English (United States)‎,"Yes , I consent",Yes,Asia,Medium,Junior,2,3,2,3,2,4,2,4,3,2,2,2,3,4
288,English (United States)‎,"Yes , I consent",Yes,Asia,Medium,Senior,2,3,2,3,2,4,3,4,3,2,2,2,3,4
352,English (United States)‎,"Yes , I consent",Yes,America,Medium,Middle Management,2,3,2,3,2,4,2,4,3,2,2,2,3,4
336,English (United States)‎,"Yes , I consent",Yes,America,Medium,Junior,2,3,2,3,2,4,2,4,3,2,2,2,3,4
71,English (United States)‎,"Yes , I consent",Yes,Asia,Medium,Junior,2,3,2,3,2,4,3,4,3,2,2,2,3,4
79,English (United States)‎,"Yes , I consent",Yes,UK/Europe,Medium,Junior,2,3,2,4,2,3,2,4,3,2,2,2,3,4
451,English (United States)‎,"Yes , I consent",Yes,UK/Europe,Medium,Junior,2,3,2,3,2,4,2,4,3,2,2,2,3,4
103,English (United States)‎,"Yes , I consent",Yes,UK/Europe,Medium,Middle Management,2,3,2,3,2,5,2,4,3,2,2,2,3,4
457,English (United States)‎,"Yes , I consent",Yes,America,Medium,Junior,2,3,2,3,2,4,2,4,3,2,2,2,3,4
281,English (United States)‎,"Yes , I consent",Yes,Asia,Medium,Senior,2,3,2,3,2,4,3,4,3,2,2,2,3,4
361,English (United States)‎,"Yes , I consent",Yes,UK/Europe,Medium,Junior,2,3,2,3,2,4,2,4,3,2,2,2,3,4
41,English (United States)‎,"Yes , I consent",Yes,America,Medium,Junior,2,3,2,3,2,4,3,4,3,2,2,2,3,4
326,English (United States)‎,"Yes , I consent",Yes,America,Medium,Middle Management,2,3,2,3,2,4,2,4,3,2,2,2,3,4
25,English (United States)‎,"Yes , I consent",Yes,Asia,Large,Junior,1,3,2,3,2,5,2,4,3,2,2,2,3,4
182,English (United States)‎,"Yes , I consent",Yes,Asia,Medium,Middle Management,2,3,2,4,2,1,2,4,3,2,2,2,3,4
413,English (United States)‎,"Yes , I consent",Yes,UK/Europe,Medium,Junior,2,3,2,3,2,4,2,4,3,2,2,2,3,4
266,English (United States)‎,"Yes , I consent",Yes,Asia,Medium,Senior,3,3,2,3,2,5,2,4,3,2,2,2,3,4
432,English (United States)‎,"Yes , I consent",Yes,UK/Europe,Medium,Junior,2,3,2,3,2,4,2,4,3,2,2,2,3,4
500,English (United States)‎,"Yes , I consent",Yes,America,Medium,Senior,2,3,2,3,2,1,2,4,3,2,2,2,3,4
319,English (United States)‎,"Yes , I consent",Yes,Asia,Medium,Senior,2,3,2,3,2,4,3,4,3,2,2,2,3,4
511,English (United States)‎,"Yes , I consent",Yes,UK/Europe,Medium,Junior,2,3,2,3,2,4,2,4,3,2,2,2,3,4
233,English (United States)‎,"Yes , I consent",Yes,Asia,Medium,Senior,2,3,2,3,2,4,3,4,3,2,2,2,3,4
529,English (United States)‎,"Yes , I consent",Yes,UK/Europe,Large,Senior,2,1,1,2,1,2,2,1,2,2,2,1,1,2
403,English (United States)‎,"Yes , I consent",Yes,UK/Europe,Medium,Junior,2,3,2,3,2,4,2,4,3,2,2,2,3,4
232,English (United States)‎,"Yes , I consent",Yes,Asia,Medium,Senior,2,3,2,3,2,4,3,4,3,2,2,2,3,4
72,English (United States)‎,"Yes , I consent",Yes,UK/Europe,Medium,Junior,2,3,2,3,2,1,2,4,3,2,2,2,3,4
452,English (United States)‎,"Yes , I consent",Yes,America,Medium,Junior,2,3,2,3,2,4,2,4,3,2,2,2,3,4
236,English (United States)‎,"Yes , I consent",Yes,Asia,Medium,Senior,2,3,2,3,2,4,3,4,3,2,2,2,3,4
306,English (United States)‎,"Yes , I consent",Yes,Asia,Medium,Senior,2,3,2,3,2,1,2,4,3,2,2,2,3,4
276,English (United States)‎,"Yes , I consent",Yes,Asia,Medium,Junior,2,3,2,3,2,5,2,4,3,2,2,2,3,4
314,English (United States)‎,"Yes , I consent",Yes,Asia,Medium,Senior,2,3,2,3,2,5,2,4,3,2,2,2,3,4
27,English (United States)‎,"Yes , I consent",Yes,America,Medium,Junior,1,3,2,2,2,4,3,4,3,2,2,2,3,4
205,English (United States)‎,"Yes , I consent",Yes,Asia,Large,Senior,2,3,2,3,2,4,3,4,3,2,2,2,3,4
331,English (United States)‎,"Yes , I consent",Yes,UK/Europe,Medium,Middle Management,2,3,2,3,2,4,2,4,3,2,2,2,3,2
192,English (United States)‎,"Yes , I consent",Yes,Asia,Medium,Middle Management,2,3,2,3,2,5,2,4,3,2,2,2,3,4
316,English (United States)‎,"Yes , I consent",Yes,Asia,Medium,Senior,2,3,2,3,2,4,3,4,3,2,2,2,3,4
237,English (United States)‎,"Yes , I consent",Yes,Asia,Medium,Senior,2,3,2,3,2,4,3,4,3,2,2,2,3,4
215,English (United States)‎,"Yes , I consent",Yes,Asia,Medium,Senior,2,3,2,3,2,4,3,4,3,2,2,2,3,4
257,English (United States)‎,"Yes , I consent",Yes,Asia,Medium,Senior,2,3,2,3,2,4,3,4,3,2,2,2,3,2
346,English (United States)‎,"Yes , I consent",Yes,UK/Europe,Medium,Freshman,2,3,2,3,2,4,2,4,3,2,2,2,3,4
297,English (United States)‎,"Yes , I consent",Yes,Asia,Medium,Senior,2,3,2,3,2,4,3,4,3,2,2,2,3,4
22,English (United States)‎,"Yes , I consent",Yes,Asia,Large,Junior,1,3,2,3,2,4,3,4,2,2,2,2,3,4
119,English (United States)‎,"Yes , I consent",Yes,Asia,Large,Senior,2,3,2,3,2,5,2,4,3,2,2,2,3,4
273,English (United States)‎,"Yes , I consent",Yes,Asia,Medium,Junior,2,3,2,3,2,4,3,4,3,2,2,2,3,4
477,English (United States)‎,"Yes , I consent",Yes,UK/Europe,Medium,Junior,2,3,2,3,2,4,2,4,3,2,2,2,3,4
191,English (United States)‎,"Yes , I consent",Yes,Asia,Medium,Middle Management,2,3,2,3,2,5,2,4,3,2,2,2,3,4
389,English (United States)‎,"Yes , I consent",Yes,UK/Europe,Medium,Senior,2,3,2,3,2,4,2,4,3,2,2,2,3,4
364,English (United States)‎,"Yes , I consent",Yes,UK/Europe,Medium,Junior,2,3,2,3,2,4,2,4,3,2,2,2,3,4
295,English (United States)‎,"Yes , I consent",Yes,Asia,Medium,Senior,2,3,2,3,2,4,3,4,3,2,2,2,3,4
270,English (United States)‎,"Yes , I consent",Yes,Asia,Medium,Senior,2,3,2,3,2,4,3,4,3,2,2,2,3,4
267,English (United States)‎,"Yes , I consent",Yes,Asia,Medium,Senior,2,3,2,3,2,4,3,4,3,2,2,2,3,4
438,English (United States)‎,"Yes , I consent",Yes,America,Medium,Junior,2,3,2,3,2,4,2,4,3,2,2,2,3,4
356,English (United States)‎,"Yes , I consent",Yes,America,Medium,Junior,2,3,2,3,2,4,2,4,3,2,2,2,3,4
228,English (United States)‎,"Yes , I consent",Yes,Asia,Medium,Senior,2,3,2,3,2,4,3,4,3,2,2,2,3,2
190,English (United States)‎,"Yes , I consent",Yes,Asia,Medium,Junior,2,3,2,3,2,5,2,4,3,2,2,2,3,4
351,English (United States)‎,"Yes , I consent",Yes,UK/Europe,Medium,Junior,2,3,2,3,2,4,2,4,3,2,2,2,3,4
231,English (United States)‎,"Yes , I consent",Yes,Asia,Medium,Middle Management,2,3,2,3,2,4,3,4,3,2,2,2,3,4
392,English (United States)‎,"Yes , I consent",Yes,Asia,Medium,Senior,2,3,2,3,2,4,2,4,3,2,2,2,3,4
48,English (United States)‎,"Yes , I consent",Yes,Asia,Medium,Middle Management,2,3,2,3,2,4,3,4,3,2,2,2,3,4
136,English (United States)‎,"Yes , I consent",Yes,Asia,Medium,Middle Management,3,3,2,2,5,2,4,3,2,2,2,2,3,4
61,English (United States)‎,"Yes , I consent",Yes,Asia,Medium,Junior,2,3,2,3,2,4,3,4,3,2,2,2,3,4
436,English (United States)‎,"Yes , I consent",Yes,UK/Europe,Medium,Junior,2,3,2,3,2,4,2,4,3,2,2,2,3,4
12,English (United States)‎,"Yes , I consent",Yes,Asia,Medium,Senior,1,2,1,2,2,2,2,2,2,2,2,2,2,2
340,English (United States)‎,"Yes , I consent",Yes,UK/Europe,Medium,Junior,2,1,2,2,2,2,2,2,2,1,1,1,1,1
124,English (United States)‎,"Yes , I consent",Yes,Asia,Medium,Senior,2,3,2,3,2,4,3,4,3,2,2,2,3,4
164,English (United States)‎,"Yes , I consent",Yes,America,Medium,Junior,2,3,2,3,2,5,2,4,3,2,2,2,3,4
86,English (United States)‎,"Yes , I consent",Yes,Asia,Medium,Junior,2,3,2,3,2,4,3,4,3,2,2,2,3,4
